10.14.12.0;Network adress
10.14.12.1;Reserved for Hamurg
10.14.12.2;Reserved for Hamurg
10.14.12.3;Reserved for Hamurg
10.14.12.4;Reserved for Hamurg
10.14.12.5;Reserved for Hamurg
10.14.12.6;Reserved for Hamurg
10.14.12.7;Reserved for Hamurg
10.14.12.8;Reserved for Hamurg
10.14.12.9;Reserved for Hamurg
10.14.12.10;Reserved for Hamurg
10.14.12.11;Reserved for Hamurg
10.14.12.12;Reserved for Hamurg
10.14.12.13;Reserved for Hamurg
10.14.12.14;Reserved for Hamurg
10.14.12.15;Reserved for Hamurg
10.14.12.16;Reserved for Hamurg
10.14.12.17;Reserved for Hamurg
10.14.12.18;Reserved for Hamurg
10.14.12.19;Reserved for Hamurg
10.14.12.20;Reserved for Hamurg
10.14.12.21;Reserved for Hamurg
10.14.12.22;Reserved for Hamurg
10.14.12.23;Reserved for Hamurg
10.14.12.24;Reserved for Hamurg
10.14.12.25;Reserved for Hamurg
10.14.12.26;Reserved for Hamurg
10.14.12.27;Reserved for Hamurg
10.14.12.28;Reserved for Hamurg
10.14.12.29;Reserved for Hamurg
10.14.12.30;Reserved for Hamurg
10.14.12.31;Reserved for Hamurg
10.14.12.32;Reserved for Hamurg
10.14.12.33;Reserved for Hamurg
10.14.12.34;Reserved for Hamurg
10.14.12.35;Reserved for Hamurg
10.14.12.36;Reserved for Hamurg
10.14.12.37;Reserved for Hamurg
10.14.12.38;Reserved for Hamurg
10.14.12.39;Reserved for Hamurg
10.14.12.40;Reserved for Hamurg
10.14.12.41;Reserved for Hamurg
10.14.12.42;Reserved for Hamurg
10.14.12.43;Reserved for Hamurg
10.14.12.44;Reserved for Hamurg
10.14.12.45;Reserved for Hamurg
10.14.12.46;Reserved for Hamurg
10.14.12.47;Reserved for Hamurg
10.14.12.48;Reserved for Hamurg
10.14.12.49;Reserved for Hamurg
10.14.12.50;POZISFILE01
10.14.12.51;POZISFILE02
10.14.12.52;POZISFILE03
10.14.12.53;POZISAPP01
10.14.12.54;POZISMDCCOM01
10.14.12.55;POZISMDCMAIN01
10.14.12.56;POZI40
10.14.12.57;POZI40
10.14.12.58;POZISESX01
10.14.12.59;POZISESX02
10.14.12.60;POZISESX03
10.14.12.61;EMC Avamar Proxy
10.14.12.62;Vcenter
10.14.12.63;POZISPROMAS01
10.14.12.64;POZISMGMT01
10.14.12.65;POZISFWNET03
10.14.12.66;POZISMGMT02
10.14.12.67;POZISIPRS02
10.14.12.68;POZI41
10.14.12.69;
10.14.12.70;POZISOPCUA01
10.14.12.71;ILO HV1
10.14.12.72;ILO HV2
10.14.12.73;ILO HV3
10.14.12.74;ILO HV4
10.14.12.75;POZISEDM01
10.14.12.76;POZISAVAMAR01
10.14.12.77;POZIMDATADOMAIN01 / POZIMDD01
10.14.12.78;POZISAVAMAR01
10.14.12.79;POZIMDATADOMAIN01
10.14.12.80;
10.14.12.81;POZISSQLCOPY
10.14.12.82;POZISCCTV
10.14.12.83;POZITMONIT01
10.14.12.84;POZISESX04
10.14.12.85;Rejestrator - kamery przemys³owe
10.14.12.86;VMware vronUI
10.14.12.87;VMware Analytics
10.14.12.88;POZISLIC
10.14.12.89;Anywhere USB
10.14.12.90;POZINWLC1
10.14.12.91;POZINWLC2
10.14.12.92;POZISESX05
10.14.12.93;POZISESX05_ILO
10.14.12.94;
10.14.12.95;
10.14.12.96;POZINAP01
10.14.12.97;POZINAP02
10.14.12.98;POZINAP03
10.14.12.99;POZINAP04
10.14.12.100;POZINAP05
10.14.12.101;POZINAP06
10.14.12.102;POZINAP07
10.14.12.103;POZINAP08
10.14.12.104;POZINAP09
10.14.12.105;POZINAP10
10.14.12.106;POZINAP11
10.14.12.107;POZINAP12
10.14.12.108;POZINAP13
10.14.12.109;POZINAP14
10.14.12.110;POZINAP15
10.14.12.111;POZINAP16
10.14.12.112;POZINAP17
10.14.12.113;POZINAP18
10.14.12.114;POZINAP19
10.14.12.115;POZINAPS01
10.14.12.116;
10.14.12.117;
10.14.12.118;
10.14.12.119;
10.14.12.120;
10.14.12.121;Blokada dla nowego VM BSS
10.14.12.122;Blokada dla nowego VM BSS
10.14.12.123;Blokada dla nowego VM BSS
10.14.12.124;Blokada dla nowego VM BSS
10.14.12.125;Blokada dla nowego VM BSS
10.14.12.126;
10.14.12.127;
10.14.12.128;POZIMDD02
10.14.12.129;POZIMDD02
10.14.12.130;POZIMDD02
10.14.12.131;POZIMDD02
10.14.12.132;POZISAVAMAR1
10.14.12.133;POZISAVPROXY1
10.14.12.134;POZISAVPROXY2
10.14.12.135;POZISAVAMAR2
10.14.12.136;POZISAVPROXY3
10.14.12.137;POZISMDCMAIN02
10.14.12.138;POZISMDCCOM02
10.14.12.139;POZITMDCMAIN02
10.14.12.140;POZINSW00
10.14.12.141;POZINSW01
10.14.12.142;POZINSW02
10.14.12.143;POZINSW03
10.14.12.144;POZINSW04
10.14.12.145;POZINSW05
10.14.12.146;POZINSW06
10.14.12.147;POZINSW09
10.14.12.148;POZINSW3A
10.14.12.149;POZINSW10
10.14.12.150;POZINSW11
10.14.12.151;POZINSW15
10.14.12.152;POZINSW12
10.14.12.153;POZINSW13
10.14.12.154;POZINSW14
10.14.12.155;
10.14.12.156;
10.14.12.157;
10.14.12.158;
10.14.12.159;
10.14.12.160;POZINSW100
10.14.12.161;
10.14.12.162;
10.14.12.163;
10.14.12.164;POZINSW08
10.14.12.165;POZINSWFC1
10.14.12.166;POZINSWFC2
10.14.12.167;POZINSWFC3
10.14.12.168;POZINSWFC4
10.14.12.169;POZINSW07
10.14.12.170;POZINSWE01
10.14.12.171;POZINSWFC5
10.14.12.172;
10.14.12.173;
10.14.12.174;
10.14.12.175;POZINSWS01
10.14.12.176;
10.14.12.177;Autoloader HP 1x8 G2
10.14.12.178;MSA P2000 [A]
10.14.12.179;MSA P2000 [B]
10.14.12.180;
10.14.12.181;
10.14.12.182;
10.14.12.183;
10.14.12.184;
10.14.12.185;Eaton UPS A
10.14.12.186;Eaton UPS B
10.14.12.187;POZISIPM01
10.14.12.188;POZIM3PAR01 
10.14.12.189;POZIM3PAR02
10.14.12.190;VirtualServiceProcessor 3PAR01
10.14.12.191;3PAR witness
10.14.12.192;3PAR RMC nic1
10.14.12.193;3PAR RMC nic2
10.14.12.194;HPE StoreOnce
10.14.12.195;HPE OneView for vCenter
10.14.12.196;VirtualServiceProcessor 3PAR02
10.14.12.197;POZIM3PAR-SSMC
10.14.12.198;
10.14.12.199;
10.14.12.200;POZIVPC01 
10.14.12.201;POZIC050 - Ethernet
10.14.12.202;
10.14.12.203;
10.14.12.204;
10.14.12.205;POZIC050 - WLAN
10.14.12.206;
10.14.12.207;
10.14.12.208;
10.14.12.209;
10.14.12.210;Testowe PLC - studenci dualni
10.14.12.211;POZIPG10
10.14.12.212;POZIPG10
10.14.12.213;
10.14.12.214;
10.14.12.215;
10.14.12.216;AURO
10.14.12.217;
10.14.12.218;
10.14.12.219;
10.14.12.220;EpsonNet WebAssist 
10.14.12.221;IPAD
10.14.12.222;
10.14.12.223;POZIPG08 - Ethernet
10.14.12.224;POZIPG08 - WLAN
10.14.12.225;POZIPG01 - Ethernet
10.14.12.226;POZIPG01 - WLAN
10.14.12.227;POZIPG02 / SIMATIC - Ethernet
10.14.12.228;POZIPG02 / SIMATIC - WLAN
10.14.12.229;POZIMPG4 - Ethernet
10.14.12.230;POZIMPG4 - WLAN
10.14.12.231;
10.14.12.232;PG Hans/Mikolaj
10.14.12.233;POZINIPRS01 - WLAN
10.14.12.234;Another Service
10.14.12.235;PLC1 Automatycy
10.14.12.236;PLC2 Automatycy
10.14.12.237;PLC3 Automatycy
10.14.12.238;POZINIPRS01 - Ethernet
10.14.12.239;POZIDPG07 - WLAN
10.14.12.240;POZIDPG07 - Ethernet
10.14.12.241;POZIPG11
10.14.12.242;
10.14.12.243;
10.14.12.244;
10.14.12.245;
10.14.12.246;
10.14.12.247;VM3 - PG07
10.14.12.248;
10.14.12.249;POZIPG11
10.14.12.250;
10.14.12.251;POZIPG09 - Ethernet
10.14.12.252;POZIPG09 - WLAN
10.14.12.253;
10.14.12.254;
10.14.12.255;
10.14.13.0;FL1_CONV_MDC_PLC
10.14.13.1;FL1_FILLER PLC
10.14.13.2;FL1 LABEL
10.14.13.3;FL1 CARTONNING
10.14.13.4;FL1 SINGLECELLO
10.14.13.5;FL1 STRETCHING
10.14.13.6;FL1 CASE PACKER
10.14.13.7;FL1_BOX_LABELLER
10.14.13.8;Transnova
10.14.13.9;Transnova mbConnect
10.14.13.10;
10.14.13.11;
10.14.13.12;
10.14.13.13;
10.14.13.14;FL01_QRCODE_Printer
10.14.13.15;FL1 Scanner Filling
10.14.13.16;FL1 Scanner Sorting
10.14.13.17;FL1 PLC PANEL - DMP
10.14.13.18;FL1 Sort Panel - DMP
10.14.13.19;FL1 Gateway - DMP
10.14.13.20;FL1 Schleuter
10.14.13.21;
10.14.13.22;FL1- Sort LinMot - DMP
10.14.13.23;DMP - Laptop
10.14.13.24;FL1 VideoJet
10.14.13.25;POZIDXMDCFL01
10.14.13.26;
10.14.13.27;FL1_CONV_MDC_PANEL
10.14.13.28;
10.14.13.29;
10.14.13.30;FL2_FILLER PLC
10.14.13.31;FL2_MDC_PLC
10.14.13.32;FL2_LABELLING PAGO
10.14.13.33;FL2_CARTONNING
10.14.13.34;FL2_STREACHING
10.14.13.35;FL2_BOX_LABELLER
10.14.13.36;
10.14.13.37;
10.14.13.38;
10.14.13.39;
10.14.13.40;
10.14.13.41;
10.14.13.42;
10.14.13.43;FL2 PLC Panel DMP
10.14.13.44;FL2 Linmot DMP
10.14.13.45;FL2 Scanner Filling
10.14.13.46;FL2 Scanner Sorting
10.14.13.47;
10.14.13.48;
10.14.13.49;
10.14.13.50;FL2 Schleuter
10.14.13.51;FL2 VideoJet
10.14.13.52;FL2_ZEBRA_TEST
10.14.13.53;FL2_ZEBRA_TEST
10.14.13.54;FL02_QRCODE_Printer
10.14.13.55;POZIDXMDCFL02
10.14.13.56;
10.14.13.57;
10.14.13.58;
10.14.13.59;
10.14.13.60;FL3_Filler PLC
10.14.13.61;FL3_CONVEYER
10.14.13.62;FL3 MDC PLC
10.14.13.63;FL3_LABBELING
10.14.13.64;FL3_STREATCHING
10.14.13.65;FL3_SCHLEUTER
10.14.13.66;FL3_SINGLECELLO
10.14.13.67;
10.14.13.68;
10.14.13.69;
10.14.13.70;
10.14.13.71;
10.14.13.72;
10.14.13.73;
10.14.13.74;
10.14.13.75;FL3 Scanner Filling
10.14.13.76;FL3 Scanner Sorting
10.14.13.77;
10.14.13.78;
10.14.13.79;
10.14.13.80;FL3 Schleuter
10.14.13.81;FL3_ZEBRA_TEST
10.14.13.82;
10.14.13.83;
10.14.13.84;FL03_QRCODE_Printer
10.14.13.85;POZIDXMDCFL03
10.14.13.86;
10.14.13.87;
10.14.13.88;
10.14.13.89;
10.14.13.90;FL4_CONV_MDC_PLC
10.14.13.91;FL4_FILLER PLC
10.14.13.92;FL4_Labelling
10.14.13.93;FL4_Cartoning
10.14.13.94;FL4_SINGLECELLO
10.14.13.95;FL4_STRETCHING
10.14.13.96;FL4_CASEPACKER
10.14.13.97;FL4_BOX_LABELLER
10.14.13.98;Transnova
10.14.13.99;Transnova mbConnect
10.14.13.100;
10.14.13.101;
10.14.13.102;
10.14.13.103;
10.14.13.104;
10.14.13.105;FL4 Scanner Filling
10.14.13.106;FL4 Scanner Sorting
10.14.13.107;FL4 Panel PLC - DMP
10.14.13.108;FL4 Panel Sort - DMP
10.14.13.109;FL4 Gateway - DMP
10.14.13.110;FL4 Schleuter
10.14.13.111;FL4 Sort LinMot - DMP
10.14.13.112;
10.14.13.113;FL04_QRCODE_Printer
10.14.13.114;FL4 VideoJet
10.14.13.115;POZIDXMDCFL04
10.14.13.116;
10.14.13.117;FL4_CONV_MDC_PANEL
10.14.13.118;FL4 Garvens_1
10.14.13.119;FL4 Garvens_2
10.14.13.120;
10.14.13.121;
10.14.13.122;FL5 MDC PLC
10.14.13.123;
10.14.13.124;FL5_PUMP
10.14.13.125;FL5_PAGO
10.14.13.126;FL5_CARTONING
10.14.13.127;FL5_SKINETTA
10.14.13.128;FL5_SCHLEUTER
10.14.13.129;
10.14.13.130;
10.14.13.131;FL5 VideoJet
10.14.13.132;
10.14.13.133;
10.14.13.134;
10.14.13.135;FL5 Scanner Filling
10.14.13.136;FL5 Scanner Sorting
10.14.13.137;
10.14.13.138;
10.14.13.139;
10.14.13.140;FL5 Schleuter
10.14.13.141;
10.14.13.142;
10.14.13.143;
10.14.13.144;FL05_QRCODE_Printer
10.14.13.145;POZIDXMDCFL05
10.14.13.146;
10.14.13.147;
10.14.13.148;
10.14.13.149;
10.14.13.150;FL6_CONV_MDC_PLC
10.14.13.151;FL6 Filler PLC
10.14.13.152;FL6 Filler PLC CAM
10.14.13.153;FL6_Labelling
10.14.13.154;FL6_Cartoning
10.14.13.155;FL6_SingleCello
10.14.13.156;FL6_MultiCello
10.14.13.157;FL6_Corti
10.14.13.158;FL6_Casepacker
10.14.13.159;FL6 PLC Intrex
10.14.13.160;FL6 Panel kamer
10.14.13.161;FL6 Kamera 1
10.14.13.162;FL6 Kamera 2
10.14.13.163;FL6_Schleuter
10.14.13.164;FL06_QRCODE_Printer
10.14.13.165;FL6 Scanner Filling
10.14.13.166;FL6 Scanner Sorting
10.14.13.167;FL6 Panel PLC - DMP
10.14.13.168;FL6 Panel Sort - DMP
10.14.13.169;FL6 Gateway - DMP
10.14.13.170;FL6 Schleuter
10.14.13.171;FL6 Sort LinMot - DMP
10.14.13.172;FL6 Drukarki Etykieciarka
10.14.13.173;FL6 Drukarki Etykieciarka
10.14.13.174;FL6 VideoJet
10.14.13.175;POZIDXMDCFL06
10.14.13.176;
10.14.13.177;FL6 Garvens
10.14.13.178;FL6 Garvens
10.14.13.179;FL6_CONV_MDC_PANEL
10.14.13.180;FL7 Filler PLC
10.14.13.181;FL7_CONV_MDC_PLC
10.14.13.182;
10.14.13.183;FL7_Labelling
10.14.13.184;FL7_Cartoning
10.14.13.185;FL7_SingleCello
10.14.13.186;FL7_MultiCello
10.14.13.187;FL7_Sorter
10.14.13.188;FL7_Sorter_OP
10.14.13.189;FL7_Schleuter
10.14.13.190;???
10.14.13.191;
10.14.13.192;
10.14.13.193;
10.14.13.194;
10.14.13.195;FL7 Scanner Filling
10.14.13.196;FL7 Scanner Sorting
10.14.13.197;FL7 Panel PLC - DMP
10.14.13.198;FL7 Panel Sort - DMP
10.14.13.199;FL7 Gateway - DMP
10.14.13.200;FL7 Schleuter
10.14.13.201;FL7 Sort LinMot - DMP
10.14.13.202;FL7_inkjet_hitachi
10.14.13.203;FL07_QRCODE_Printer
10.14.13.204;FL7 VideoJet
10.14.13.205;POZIDXMDCFL07
10.14.13.206;
10.14.13.207;00:01:23:38:1B:B4 - unknown
10.14.13.208;Fl7 - kamera kodów-kartoniarka Cam
10.14.13.209;VM_Paletyzator_FL7_testy
10.14.13.210;FL8 Filler PLC
10.14.13.211;FL8_MDC
10.14.13.212;TP 900 Comfort
10.14.13.213;
10.14.13.214;
10.14.13.215;FL8_STRETCHING_ROUTER
10.14.13.216;FL8_STRETCHING
10.14.13.217;FL8_SCHLEUTER
10.14.13.218;IWK camera
10.14.13.219;IWK Illuiminate
10.14.13.220;IWK Cartoning PLC
10.14.13.221;IWK Cartoning HMI PC
10.14.13.222;IWK ULS PLC
10.14.13.223;IWK ULS HMI PC
10.14.13.224;IWK Router
10.14.13.225;FL8 Scanner Filling 
10.14.13.226;FL8 Scanner Sorting
10.14.13.227;FL8 IWK ViddoJet - Laser
10.14.13.228;
10.14.13.229;
10.14.13.230;FL8 Schleuter
10.14.13.231;
10.14.13.232;
10.14.13.233;
10.14.13.234;FL08_QRCODE_Printer
10.14.13.235;POZIDXMDCFL08
10.14.13.236;
10.14.13.237;
10.14.13.238;
10.14.13.239;
10.14.13.240;FL1
10.14.13.241;FL1 GARVENS
10.14.13.242;FL2 GARVENS
10.14.13.243;FL2 GARVENS
10.14.13.244;FL3-FL4
10.14.13.245;FL5
10.14.13.246;FL6-FL7
10.14.13.247;FL8
10.14.13.248;OLIWKA
10.14.13.249;FL10-11
10.14.13.250;Zebra printer printserver
10.14.13.251;Zebra ZTC ZM400-200dpi ZPL
10.14.13.252;POZPBMP09
10.14.13.253;Kyocera printer printserver
10.14.13.254;FL6 Garvens
10.14.13.255;FL6 Garvens
10.14.14.12;
10.14.14.13;
10.14.14.14;
10.14.14.15;
10.14.14.16;
10.14.14.17;
10.14.14.18;
10.14.14.19;
10.14.14.20;
10.14.14.21;
10.14.14.22;
10.14.14.23;
10.14.14.24;
10.14.14.25;
10.14.14.26;
10.14.14.27;
10.14.14.28;
10.14.14.29;
10.14.14.30;
10.14.14.31;FL9_IWK_Filler
10.14.14.32;FL9_MDC_PLC
10.14.14.33;FL9_MDC_Proface
10.14.14.34;FL9_CTR_LINK_IWK
10.14.14.35;FL9_FILLER_IWK
10.14.14.36;FL9_TRAY_PACKER_IWK
10.14.14.37;FL9_CARTONNING_IWK
10.14.14.38;
10.14.14.39;
10.14.14.40;FL9_CTR_LINK_PESTER
10.14.14.41;FL9_PESTER
10.14.14.42;
10.14.14.43;
10.14.14.44;
10.14.14.45;FL9 Scanner Fillig
10.14.14.46;FL9 Scanner Sorting
10.14.14.47;
10.14.14.48;
10.14.14.49;Schleuter_FL9
10.14.14.50;Schleuter FL9
10.14.14.51;
10.14.14.52;
10.14.14.53;
10.14.14.54;FL9_QRCODE_Printer
10.14.14.55;POZIDXMDCFL09
10.14.14.56;
10.14.14.57;
10.14.14.58;
10.14.14.59;
10.14.14.60;FL11 MDC Transportery
10.14.14.61;FL10_IWK_Filler
10.14.14.62;FL10_MDC_PLC
10.14.14.63;FL10_MDC_Proface
10.14.14.64;FL10_CTR_LINK_IWK
10.14.14.65;FL10_FILLER_IWK
10.14.14.66;FL10_TRAY_PACKER_IWK
10.14.14.67;FL10_CARTONNING_IWK
10.14.14.68;
10.14.14.69;
10.14.14.70;FL10_CTR_LINK_PESTER
10.14.14.71;FL10_PESTER
10.14.14.72;
10.14.14.73;
10.14.14.74;
10.14.14.75;FL10 Scanner Fillig
10.14.14.76;FL10 Scanner Sorting
10.14.14.77;
10.14.14.78;
10.14.14.79;Schleuter_FL10
10.14.14.80;Schleuter FL10
10.14.14.81;Laser FL10
10.14.14.82;Laser FL10
10.14.14.83;
10.14.14.84;FL10_QRCODE_Printer
10.14.14.85;POZIDXMDCFL10
10.14.14.86;
10.14.14.87;
10.14.14.88;
10.14.14.89;
10.14.14.90;
10.14.14.91;
10.14.14.92;
10.14.14.93;
10.14.14.94;
10.14.14.95;
10.14.14.96;
10.14.14.97;
10.14.14.98;
10.14.14.99;
10.14.14.100;
10.14.14.101;
10.14.14.106;
10.14.14.107;
10.14.14.108;
10.14.14.109;
10.14.14.110;
10.14.14.111;
10.14.14.112;
10.14.14.113;
10.14.14.114;
10.14.14.115;
10.14.14.116;
10.14.14.117;
10.14.14.118;
10.14.14.119;
10.14.14.120;POZIDWDAS01
10.14.14.121;
10.14.14.122;
10.14.14.123;POZIDWDAS04
10.14.14.124;POZIDWDAS05
10.14.14.125;POZIDXWDAS06
10.14.14.126;POZIDWDAS07
10.14.14.127;POZIDWDAS08
10.14.14.128;POZIDWDAS09
10.14.14.129;POZIDWDAS10
10.14.14.130;POZIDWDAS11
10.14.14.131;POZIDXWDAS12
10.14.14.132;POZIDWDAS14
10.14.14.133;POZIDWDAS13
10.14.14.134;tymczasowy adres do podmiany wagi
10.14.14.135;
10.14.14.136;
10.14.14.137;
10.14.14.138;
10.14.14.139;
10.14.14.140;
10.14.14.141;
10.14.14.142;
10.14.14.143;
10.14.14.144;
10.14.14.145;POZIDWDAM01
10.14.14.146;
10.14.14.147;
10.14.14.148;
10.14.14.149;
10.14.14.150;POZIDXLAB02
10.14.14.151;DESKTOP-U031TGF
10.14.14.152;desktop-qfa51o8
10.14.14.153;labo-waga
10.14.14.154;DESKTOP-HEO0PR1
10.14.14.155;Lantronix poczta pneumatyczna
10.14.14.156;Labolatorium
10.14.14.157;POZITPTS01
10.14.14.158;Metler toledo
10.14.14.159;Metler toledo
10.14.14.160;
10.14.14.161;
10.14.14.162;
10.14.14.163;
10.14.14.164;
10.14.14.165;
10.14.14.166;
10.14.14.167;
10.14.14.168;
10.14.14.169;
10.14.14.170;POZISMMIBAT01
10.14.14.171;POZISMMIBAT02
10.14.14.172;POZISMMIBAT03
10.14.14.173;POZISMMIBAT04
10.14.14.174;POZISMMIBAT05
10.14.14.175;POZISMMIBAT06
10.14.14.176;POZISMMIBAT07
10.14.14.177;POZISMMIBAT08
10.14.14.178;
10.14.14.179;POZISMMINOMA01
10.14.14.180;
10.14.14.181;
10.14.14.182;
10.14.14.183;
10.14.14.184;
10.14.14.185;
10.14.14.186;SIEMENS Device
10.14.14.187;BAT08_Panel
10.14.14.188;BAT08_Panel
10.14.14.189;BAT_QRCODE_Printer
10.14.14.190;BECO1 PLC
10.14.14.191;BECO2 PLC
10.14.14.192;BECO3 PLC
10.14.14.193;BECO4 PLC
10.14.14.194;BECO5 PLC
10.14.14.195;BECO6 PLC
10.14.14.196;BECO7 PLC
10.14.14.197;BECO8 PLC
10.14.14.198;
10.14.14.199;
10.14.14.200;POZIDXMASTER01
10.14.14.201;POZIDXMASTER02
10.14.14.202;POZIDXMASTER03
10.14.14.203;POZIDXMASTER04
10.14.14.204;POZIDXMASTER05
10.14.14.205;POZIDXMASTER06
10.14.14.206;POZIDXMASTER22
10.14.14.207;POZIDXMASTER08
10.14.14.208;POZIDXMASTER09
10.14.14.209;POZIDXMASTER10
10.14.14.210;POZIDXMASTER11
10.14.14.211;POZIDXMASTER12
10.14.14.212;POZIDXMASTER13
10.14.14.213;POZIDXMASTER14
10.14.14.214;POZIDXMASTER15
10.14.14.215;POZIDXMASTER16
10.14.14.216;POZIDXMASTER17
10.14.14.217;POZIDXMASTER18
10.14.14.218;POZIDXMASTER19
10.14.14.219;POZIDXMASTER20
10.14.14.220;POZIDXMASTER21
10.14.14.221;
10.14.14.222;POZIDXMASTER24
10.14.14.223;POZIDXMASTER25
10.14.14.224;POZIDXMASTER26
10.14.14.225;
10.14.14.226;POZIDXMASTER27
10.14.14.227;POZISMASTER10
10.14.14.228;POZISMASTER09
10.14.14.229;POZISMASTER08
10.14.14.230;POZISMASTER01
10.14.14.231;POZISMASTER02
10.14.14.232;POZISMASTER03
10.14.14.233;POZISMASTER04
10.14.14.234;POZISMASTER05
10.14.14.235;POZIDXWWT02
10.14.14.236;POZIDXWWT01
10.14.14.237;POZITRDP01
10.14.14.238;POZISMASTER06
10.14.14.239;POZISMASTER07
10.14.14.240;Stanowisko testowe B&R
10.14.14.241;VM TestWIn7
10.14.14.242;Stanowisko testowe ELAU 
10.14.14.243;Owijarka_GEMA
10.14.14.244;Contemporary Control device
10.14.14.245;
10.14.14.246;
10.14.14.247;
10.14.14.248;
10.14.14.249;
10.14.14.250;
10.14.14.251;
10.14.14.252;
10.14.14.253;
10.14.14.254;
10.14.14.255;
10.14.15.0;CIP1_2 PLC
10.14.15.1;CIP1_2 HMI
10.14.15.2;CIP_STOP
10.14.15.3;CIP3 PLC
10.14.15.4;CIP3 HMI
10.14.15.5;CIP4 PLC
10.14.15.6;CIP4 HMI
10.14.15.7;CIP4 URL HMI
10.14.15.8;CIP5 PLC
10.14.15.9;CIP5 HMI
10.14.15.10;CIP5-VirtualPanel
10.14.15.11;CIP5-nowy panel
10.14.15.12;Czujnik stezenia chlorynu BMS
10.14.15.13;CIP67HMI
10.14.15.14;
10.14.15.15;
10.14.15.16;
10.14.15.17;
10.14.15.18;
10.14.15.19;
10.14.15.20;
10.14.15.21;
10.14.15.22;
10.14.15.23;
10.14.15.24;
10.14.15.25;
10.14.15.26;
10.14.15.27;
10.14.15.28;CIP MAIN PLC
10.14.15.29;CIP MAIN HMI
10.14.15.30;
10.14.15.31;RO2 Water PLC
10.14.15.32;
10.14.15.33;ROCEDI 3 PLC
10.14.15.34;BDA PLC
10.14.15.35;WWT PLC 2
10.14.15.36;WWT PLC
10.14.15.37;WWT HMI
10.14.15.38;Spirax Sarco
10.14.15.39;POZIDXWWT03
10.14.15.40;COOLING PLC
10.14.15.41;SOFTENER PLC
10.14.15.42;
10.14.15.43;ROCEDI3 HMI
10.14.15.44;Modem liczniki energii elektrycznej
10.14.15.45;
10.14.15.46;WWT HMI 2
10.14.15.47;SOFTener2 PLC
10.14.15.48;SOFTener2 HMI
10.14.15.49;ROLOOP
10.14.15.50;ROLOOP Panel
10.14.15.51;ROCEDI 3 - FESTO
10.14.15.52;Softener2 FESTO
10.14.15.53;CIP8/9 PLC
10.14.15.54;CIP8/9 Panel
10.14.15.55;BMS_1200
10.14.15.56;
10.14.15.57;
10.14.15.58;
10.14.15.59;
10.14.15.60;POZIDXTANKOLD01
10.14.15.61;POZIDXTANKOLD02
10.14.15.62;
10.14.15.63;
10.14.15.64;POZIDXTANKNEW01
10.14.15.65;POZIDXTANKNEW02
10.14.15.66;
10.14.15.67;
10.14.15.68;POZIDXMMITANK01
10.14.15.69;POZIDXMMITANK02
10.14.15.70;
10.14.15.71;
10.14.15.72;POZIDXMMIBDA01
10.14.15.73;
10.14.15.74;
10.14.15.75;
10.14.15.76;TANK1 PLC
10.14.15.77;TANK2 PLC
10.14.15.78;TANK2_PLC_TIAP
10.14.15.79;MDCVIS_PLC
10.14.15.80;
10.14.15.81;
10.14.15.82;
10.14.15.83;
10.14.15.84;
10.14.15.85;B&R_PLC_EXCHANGE
10.14.15.86;
10.14.15.87;
10.14.15.88;
10.14.15.89;
10.14.15.90;Liczniki energii
10.14.15.91;Liczniki energii
10.14.15.92;Liczniki energii
10.14.15.93;Liczniki energii
10.14.15.94;Liczniki energii
10.14.15.95;Liczniki energii
10.14.15.96;Liczniki energii
10.14.15.97;Liczniki energii
10.14.15.98;Liczniki energii
10.14.15.99;Liczniki energii
10.14.15.100;FL9 Garvens
10.14.15.101;FL9 Garvens
10.14.15.102;FL10 Garvens
10.14.15.103;FL10 Garvens
10.14.15.104;
10.14.15.105;
10.14.15.106;
10.14.15.107;
10.14.15.108;
10.14.15.109;
10.14.15.110;
10.14.15.111;
10.14.15.112;
10.14.15.113;
10.14.15.114;
10.14.15.115;
10.14.15.116;tymczasowo drukarka w akwarium
10.14.15.117;
10.14.15.118;
10.14.15.119;
10.14.15.120;
10.14.15.121;
10.14.15.122;
10.14.15.123;
10.14.15.124;
10.14.15.125;
10.14.15.126;
10.14.15.127;
10.14.15.128;
10.14.15.129;
10.14.15.130;POZIDXBAT01
10.14.15.131;POZIDXBAT02
10.14.15.132;POZIDXBAT03
10.14.15.133;POZIDXBAT04
10.14.15.134;POZIDXBAT05
10.14.15.135;POZIDXBAT06
10.14.15.136;POZIDXBAT07
10.14.15.137;POZIDXBAT08-PC2
10.14.15.138;POZIDXBAT08-PC1
10.14.15.139;POZIDCLIENTNOMA1
10.14.15.140;POZIDXPMIX01
10.14.15.141;
10.14.15.142;
10.14.15.143;
10.14.15.144;
10.14.15.145;POZIDXWZORCOWY
10.14.15.146;
10.14.15.147;
10.14.15.148;POZIDXTANK
10.14.15.149;
10.14.15.150;POZIDMDCVIS01
10.14.15.151;POZIDMDCVIS02
10.14.15.152;
10.14.15.153;POZIDMDCVIS04
10.14.15.154;POZIDMDCVIS05
10.14.15.155;POZIDMDCVIS06
10.14.15.156;POZIDMDCVIS07
10.14.15.157;POZIDMDCVIS08
10.14.15.158;POZIDMDCVIS09
10.14.15.159;POZIDMDCVIS10
10.14.15.160;
10.14.15.161;POZIDMDCSORT01
10.14.15.162;POZIDMDCSORT02
10.14.15.163;POZIDMDCSORT03
10.14.15.164;POZIDMDCSORT04
10.14.15.165;Elau router automatycy
10.14.15.166;Elau automatycy
10.14.15.167;Proface - panel na stanowisku ELAU
10.14.15.168;Raspberry PI-wlan
10.14.15.169;Raspberry PI-lan
10.14.15.170;
10.14.15.171;
10.14.15.172;
10.14.15.173;
10.14.15.174;
10.14.15.175;
10.14.15.176;
10.14.15.177;
10.14.15.178;
10.14.15.179;
10.14.15.180;
10.14.15.181;
10.14.15.182;
10.14.15.183;
10.14.15.184;
10.14.15.185;
10.14.15.186;
10.14.15.187;
10.14.15.188;
10.14.15.189;
10.14.15.190;Ipad Leszek Kuligowski
10.14.15.191;Ipad Wazenie scrapp
10.14.15.192;
10.14.15.193;
10.14.15.194;
10.14.15.195;
10.14.15.196;
10.14.15.197;
10.14.15.198;
10.14.15.199;
10.14.15.200;
10.14.15.201;
10.14.15.202;
10.14.15.203;
10.14.15.204;POZIDXAUT01
10.14.15.205;POZISESXA
10.14.15.206;POZISESXA
10.14.15.207;POZIVMA001
10.14.15.208;POZIVMA002
10.14.15.209;POZIVMA003
10.14.15.210;POZIVMA004
10.14.15.211;DRUKARKA_3D
10.14.15.212;POZIVMA006
10.14.15.213;POZIVMA005
10.14.15.214;POZIVMA007
10.14.15.215;POZIVMA008
10.14.15.216;POZIVMA009
10.14.15.217;
10.14.15.218;
10.14.15.219;
10.14.15.220;
10.14.15.221;
10.14.15.222;Konwerter RS232-TCP waga bufor 
10.14.15.223;Router_automatycy
10.14.15.224;Proface 4.0 wirtualna maszyna
10.14.15.225;PM/AM Wirtualny Panel
10.14.15.226;
10.14.15.227;
10.14.15.228;
10.14.15.229;
10.14.15.230;Studenci Dualni PLC
10.14.15.231;Studenci Dualni PLC
10.14.15.232;Studenci Dualni PLC
10.14.15.233;Studenci Dualni PLC
10.14.15.234;Studenci Dualni PLC
10.14.15.235;
10.14.15.236;
10.14.15.237;
10.14.15.238;
10.14.15.239;POZITMDCPLC01
10.14.15.240;POZITMDCMAIN01
10.14.15.241;POZITPLC01
10.14.15.242;POZITPLC02
10.14.15.243;POZITPLC03
10.14.15.244;POZITPLC04
10.14.15.245;POZITMMIBAT01
10.14.15.246;POZITMMIBAT02
10.14.15.247;POZITPROMAS01
10.14.15.248;POZITMASTER01
10.14.15.249;POZITMASTER01
10.14.15.250;
10.14.15.251;
10.14.15.252;
10.14.15.253;
10.14.15.254;
10.14.15.255;NETWORK BROADCAST ADDRESS
